title,hID,rank
I Didnt Do It,772,5
NCIS,301,4
PSEs Wild Outdoors,1625,4
Burn Notice,296,3
Comedy Central Presents,637,2
Key Capitol Hill Hearings,417,5
Zoey 101,285,2
Two for Tuesday,608,5
Every Witch Way,1218,2
Austenland,293,1
How I Met Your Mother,98,2
Nightline,122,1
Every Witch Way,452,4
Camp Lakebottom,1625,5
Think Like a Man,342,4
Tignanello Handbags,293,3
Twin Tiers Morning Update,786,1
Gallipoli: The First D-Day,517,2
Red Eye,293,4
The Sting,739,4
TVs Funniest Game Show Moments,609,4
Cheyenne,683,3
Cheers,342,3
The Pioneers,603,3
Today in New York,122,5
Sleep Sex,440,4
Team Umizoomi,725,4
Friday Night Lights,621,2
Child Genius,458,1
69 News at 4:00,241,2
Cheyenne,111,5
Alfred Hitchcock Presents,296,4
Baggage: Most Outrageous Moments,122,5
News 8 at 11:00,577,3
Gotham,1474,5
At Home with Dan,318,5
White Sale,111,5
The Curse of Oak Island,688,5
Mad About You,98,2
Zoey 101,725,2
Extra,469,5
Mantracker,296,5
Special Agent Oso,694,5
45th Annual GMA Dove Awards,355,4
The Family Stone,356,2
The Pioneers,452,4
The Challenge: Battle of the Exes II,611,3
Donna Decorates Dallas,663,4
Chowder,553,3
The Pioneers,632,4
Judge Hatchett,85,3
Child Genius,241,2
Peoples Choice Awards 2015,452,3
Say Yes to the Dress,608,1
69 News at Noon,388,4
Restaurant: Impossible,895,3
The Interpreter,694,1
Storage Wars,502,4
FOX 29 News at Five,349,4
Private Benjamin,688,5
Inside the Trinity Family of Networks,98,1
Last Holiday,747,4
South Park,772,5
Hart to Hart,608,5
Morning Express With Robin Meade,627,1
The Family Stone,98,4
Giada at Home,722,3
The Little Couple,334,1
Dish Nation,349,1
My Wife and Kids,722,1
Fright Night,238,1
Baggage Claim,355,4
Chowder,160,2
Marvel Super Heroes: Maximum Overload,502,1
Coming Home,737,5
Live Soul,676,3
Demolition Man,681,2
A Mothers Revenge,458,4
The Sting,480,4
Texas Justice,440,5
Hot in Cleveland,228,5
Broadway Serenade,281,4
Fresh Faces,771,3
The Punisher,469,3
Obsession: Dark Desires,712,2
Poltergeist III,363,1
Newswatch 16 at 5:30pm,502,4
Arrow,609,5
MC Y2K,428,3
Friday Night Lights,363,5
WENY HD News,241,5
Sunday in New York,772,1
Community,676,4
Pro Football Talk,458,3
Fury at Gunsight Pass,592,1
Building Off the Grid: Alaska,567,1
MC Love Songs,285,3
Alfred Hitchcock Hour,160,5
Africas Thunder River,286,1
Making Money With Charles Payne,576,3
Mission to Mars,722,5
The Pioneers,621,5
Erin Burnett OutFront,363,3
Wheel of Fortune,739,2
Cocaine Cowboys,687,3
Pokémon 4Ever,665,3
Murder Book,417,5
Perry Mason,469,4
Beautiful Creatures,694,4
Say Yes to the Dress,457,1
Keith Craft,611,3
Sixers Pregame,237,2
Rules of Engagement,480,3
Zanes Sex Chronicles,318,4
Mona Lisa Smile,363,1
Closing Bell,485,1
30-Minute Meals,534,4
Amazing Facts Presents,388,2
Eyewitness News Daybreak at 5am,355,3
Building Off the Grid: Alaska,553,3
Boyster,122,2
Next Stop Wonderland,676,5
On the Road,1625,3
The Monday Night Show,632,4
Jams Live,674,4
The Brothers Grimm,28,4
Panic Room,160,5
The Real,342,5
The Devil You Know,290,3
The Little Couple,794,5
George Hirsch Lifestyle,665,4
FOX 29 News at Five,177,2
The Little Couple,517,4
Buckmasters Classics,592,4
Flipping Boston,111,2
NFL AM,1218,1
International Fellowship,485,1
Sleep Sex,428,2
World War II in Color,676,3
Diagnosis Murder,363,2
Wake Up With Al,553,4
Life After Lockup,786,1
My Skin Is Killing Me,633,1
Transform your home today fast & easy!,715,1
Ed Wood,767,1
Fire and Ice,382,2
Action News 5PM,301,3
Baggage: Most Outrageous Moments,633,5
News 8 at 5:30pm,567,5
American Wedding,603,3
24 Ladders in One- New Little Giant,627,1
Jams Live,330,3
Red Eye,330,1
Animal Atlas,725,1
Mad About You,621,1
Mr. Deeds Goes to Town,160,1
I Didnt Do It,404,4
Mad About You,712,1
Watch What Happens: Live,452,4
A Mothers Revenge,691,1
Factory Made,210,4
Fresh Faces,111,3
The Kelly File,537,5
Rio 2,1452,4
Chicago PD,417,1
Arrow,349,5
Every Witch Way,388,1
Sell This House: Extreme,800,1
Dish Nation,681,4
The Punisher,786,4
Kick-Ass 2,736,5
News 8 at Noon,715,1
The Universe: Ancient Mysteries Solved,553,4
Rules of Engagement,608,2
Mr. Deeds Goes to Town,537,2
Camp Lakebottom,237,2
AntiAging Fountain of Youth,285,5
Boogie Nights,210,2
TVs Funniest Game Show Moments,241,3
King Kong,28,4
NCIS,665,4
The Patty Duke Show,688,2
Heads of State,712,1
Key Capitol Hill Hearings,722,5
The Mentalist,241,5
Criminal Minds,611,1
American Beaver,470,4
Duck Dynasty,553,1
The Killer Speaks,608,4
A Mothers Revenge,517,4
The Devil You Know,228,2
Border Feud,404,1
Team Umizoomi,895,2
South Park,428,1
Bob the Builder,665,4
Keeping Up With the Kardashians,85,2
Portofino Italian Jewelry,632,4
Keith Craft,592,4
The Life and Legend of Wyatt Earp,1452,5
Panic Room,576,1
The Island of Dr. Moreau,296,2
Kids Club,1625,4
Keeping Up With the Kardashians,547,3
Sleep Sex,316,1
Giada at Home,688,2
UFC Fighters Cut,295,1
Friday Night Lights,502,3
Donna Decorates Dallas,576,1
I Am Angus,177,4
Building Off the Grid: Alaska,592,4
Days of our Lives,299,5
Fast Joint Relief,715,2
Austenland,452,3
MC Adult Alternative,608,5
MC Adult Alternative,350,1
Say Yes to the Dress,177,4
MonsterQuest,895,4
Eyewitness News First at 4,771,4
Today in New York,349,4
Digimon Fusion,747,2
A Different Loyalty,627,2
Dog With a Blog,502,2
Panic Room,356,3
George Lopez,553,4
The Family Stone,237,2
Fury at Gunsight Pass,177,4
Killer Kids,553,3
Kick Buttowski: Suburban Daredevil,334,2
International Fellowship,382,1
Ghost Whisperer,895,5
Twin Tiers Morning Update,286,3
All Hands on Deck,470,2
Parks and Recreation,608,5
Matlock,417,5
Making Money With Charles Payne,687,3
Digimon Fusion,502,1
News Update North America,330,1
MC R&B Soul,772,2
Shock Treatment,725,2
My Sisters Keeper,299,4
Whats New Scooby-Doo?,517,3
News Update North America,763,2
Lauren Lakes Paternity Court,715,2
Breaking Bald,295,5
Jams Live,293,4
FOX and Friends,737,4
Erin Burnett OutFront,608,5
Inside City,461,5
The Painted Veil,388,3
Making Money With Charles Payne,61,4
Panic Room,577,2
Outnumbered,722,3
Unforgiven,342,2
Matlock,587,1
My Life Without Me,350,4
Special Agent Oso,633,2
Twin Tiers Morning Update,160,3
Jams Live,299,3
Center Court,238,5
PSEs Wild Outdoors,237,5
White Sale,786,5
Killer Kids,316,4
iCarly,316,4
Survivorman & Son,160,3
Baggage: Most Outrageous Moments,895,1
Restaurant: Impossible,577,3
Closing Bell,428,1
Match Game,1474,3
Keeping Up With the Kardashians,363,5
Wahlburgers,286,5
I Am Angus,160,1
MC Love Songs,485,2
Unforgiven,736,1
Comedy Central Presents,428,2
Adult Programming,388,5
The Andy Griffith Show,739,5
The Amazing World of Gumball,587,1
Scholastic Scrimmage,635,5
Judge Hatchett,318,1
iCarly,635,2
Giada at Home,210,5
Heads of State,567,3
Utah Blaine,539,2
Buckmasters Classics,637,4
The Closer,691,3
Africas Thunder River,632,3
Cheyenne,547,2
NASCAR America,1452,2
Crash,28,5
Dr. Phil,687,2
News 8 at 11:00,688,2
Sweetwater,513,5
Worlds Wildest Police Videos,747,4
AntiAging Fountain of Youth,160,2
Sleep Sex,1767,1
My Life Without Me,611,2
The Rundown With José Díaz-Balart,363,3
High Heat,676,1
Eyewitness News,228,1
He Said She Said,417,2
Breakdown,621,1
Flashpoint,485,2
Child Genius,688,4
The Million Dollar Hotel,85,4
White Sale,736,3
Scholastic Scrimmage,577,2
Shepard Smith Reporting,122,4
Dan Rather Presents,608,3
Obsession: Dark Desires,286,2
Skin to the Max,1625,2
Two for Tuesday,1688,4
NFL AM,461,4
The Bill Cunningham Show,355,3
Eyewitness News,547,2
Dateline NBC,794,4
Fury at Gunsight Pass,241,2
Wheel of Fortune,611,4
Twin Tiers Morning Update,691,2
Utah Blaine,587,2
FOX 29 News at Five,281,4
NASCAR Race Hub,480,5
Future Cat,567,2
News Update North America,111,2
Frontline,469,5
Peoples Choice Awards 2015,691,5
Cold Case Files,633,5
News Update North America,1625,4
The Shining,635,4
Dog With a Blog,712,1
Fire and Ice,592,2
The Andy Griffith Show,461,5
Pro Football Talk,715,1
The Andy Griffith Show,502,1
The Bill Cunningham Show,85,3
Mona Lisa Smile,210,4
45th Annual GMA Dove Awards,722,4
Cajun Justice,635,4
Moneyball,587,1
Zoey 101,1452,2
Fire and Ice,177,1
Rio 2,469,1
Jersey Shore,547,3
The Cleveland Show,334,3
Community,576,1
Sell This House: Extreme,440,4
Last Holiday,609,5
In Living Color,85,1
Alfred Hitchcock Presents,452,1
Ninja Blender Duo for a Healthy Holiday!,772,5
Sleep Sex,1218,2
My Wife and Kids,772,1
Unusual Suspects,1218,4
The Looney Tunes Show,633,1
The Pioneers,479,3
45th Annual GMA Dove Awards,627,4
Pocono Mountains Today,480,2
Friday Night Lights,537,2
Intervention,404,5
Loud Mouths,767,4
FOX 29 News at Five,534,3
The Sting,342,5
Secrets of the Arsenal,663,2
Sleepy Hollow,281,4
NFL RUSH,469,2
Murder Book,676,3
TV13 Sports Extra,417,3
Every Witch Way,794,4
The Mentalist,299,1
FOX and Friends,1625,5
Inside the Trinity Family of Networks,627,4
Peg Plus Cat,295,3
Portable cooktop,98,3
Top 20 Most Shocking,621,2
Perry Mason,28,2
The Palomino,676,5
Sixers Pregame,177,1
Meet the Parents,98,2
Erin Burnett OutFront,356,3
Hulk,349,2
Judge Hatchett,1767,5
Max & Shred,688,3
Declassified,608,2
On the Road,316,2
Feast,637,5
Think Like a Man,621,3
CBS News Sunday Morning,458,2
Bonanza,296,5
Dennis the Menace,318,4
Survivorman & Son,502,5
Cold Case Files,404,4
George Lopez,712,2
100 Orgasms a Day,1767,4
Suzanne Somers Beauty Health & Fitness,286,3
In Living Color,581,5
Pawn Stars,786,3
The Originals,772,3
The Universe: Ancient Mysteries Solved,350,3
The Ruling Voice,736,4
Pro Football Talk,539,2
My Skin Is Killing Me,479,4
Tignanello Handbags,330,4
Judge Hatchett,539,2
Cajun Justice,160,3
Sixers Pregame,665,1
Survivorman,739,5
A Mothers Revenge,567,5
Newswatch 16 at 5:30pm,676,1
The King of Queens,285,4
Live! With Kelly and Michael,539,4
At Home with Dan,681,3
Shark Rocket Holiday Shine!,281,3
Bonanza,567,5
Outnumbered,786,3
College Football Live,111,3
Action News at 6:00 AM,736,2
Special Agent Oso,513,4
Wheel of Fortune,469,1
MC Easy Listening,786,2
Baggage: Most Outrageous Moments,1452,3
The Palomino,350,4
Cocaine Cowboys,122,3
The Girls Guide to Depravity,485,3
Eyewitness News Daybreak at 5am,688,5
Camp Lakebottom,299,2
The Lead With Jake Tapper,539,2
All Hands on Deck,286,5
Intelligence for Your Life,1474,2
Frontline,316,1
The Prime of Miss Jean Brodie,85,1
Two for Tuesday,342,3
Jimmy Kimmel Live,567,2
Newswatch 16 This Morning,681,5
Dirty Dancing,382,1
Unforgiven,355,4
Action News 6PM,637,4
Building Alaska,715,4
Beauty of Oil Painting With Gary,417,2
George Hirsch Lifestyle,295,3
Kitchen Nightmares,513,2
Key Capitol Hill Hearings,534,1
World War II in Color,691,5
CBS News Sunday Morning,592,2
Pokémon 4Ever,429,1
Fairy Tale: A True Story,794,4
On the Road,736,4
Buckmasters Classics,210,1
Key Capitol Hill Hearings,355,2
WWE Slam City,349,5
Pop Hits,576,1
Motives & Murders: Cracking the Case,725,4
Legislative Report With Mario Scavello,480,2
TVs Funniest Game Show Moments,895,2
Untold Stories of the E.R.,295,2
Untold Stories of the E.R.,739,1
Six Star Knife Set,581,2
Shepard Smith Reporting,350,1
Motives & Murders: Cracking the Case,665,3
Sixers Pregame,712,4
Good Day Philadelphia,457,5
Hot Shots!,513,5
Cabinet of Caligari,461,2
Community,285,4
American Beaver,691,4
My Life Without Me,1625,2
The Situation Room,469,4
Pawnography,228,4
Zoey 101,587,5
The Million Dollar Hotel,1688,5
The Ruling Voice,296,1
Live! With Kelly and Michael,85,4
Sunday in New York,737,5
The Girls Guide to Depravity,458,1
Crash,786,2
Pop Hits,712,3
MonsterQuest,737,1
21 Jump Street,739,3
Whats New Scooby-Doo?,290,1
Secrets of the Arsenal,363,4
Crash,382,3
Eyewitness News,452,3
Step Brothers,480,4
The Real,587,2
Local Weather,177,4
Mad Money,895,3
Stella and Sam,1452,2
Monsters Inside Me,674,3
The Rundown With José Díaz-Balart,328,2
Around the NFL,502,5
Law & Order: Special Victims Unit,458,3
Mr. Deeds Goes to Town,98,2
Outnumbered,603,1
Dateline NBC,356,5
Africas Thunder River,502,5
Twin Tiers Morning Update,469,2
The Interpreter,480,5
My 600-Lb. Life,1767,4
The Universe: Ancient Mysteries Solved,334,3
Team Umizoomi,627,3
The Brothers Grimm,603,4
The Little Couple,328,4
U.S. Bounty Hunters,241,3
Transform your home today fast & easy!,1625,3
Eyewitness News Daybreak at 6:30am,553,1
Trauma: Life in the ER,736,4
Lockup Tampa,665,3
NCIS: Los Angeles,470,5
TVs Funniest Game Show Moments,611,2
News 8 at Noon,663,5
Wheel of Fortune,452,1
Lalaloopsy,502,5
Judging Amy,517,5
Fire and Ice,417,3
Ocean Mysteries With Jeff Corwin,228,4
The Palomino,293,5
Picker Sisters,674,1
Two for Tuesday,122,2
Cold Case Files,674,4
Live Cameras and Forecast Maps,61,1
Commando,553,4
Inside Special Ops,681,1
Duck Dynasty,663,1
Eyewitness News,1218,3
Intelligence for Your Life,694,2
Natural World,428,2
Pop Hits,676,1
The Devil You Know,349,3
Justice With Judge Mablean,310,2
Burn Notice,28,3
American Wedding,609,1
Live Soul,61,1
Gotham,725,1
Parks and Recreation,310,5
NCIS,576,5
Pocono Mountains Today,681,1
Action News 5PM,28,5
AntiAging Fountain of Youth,1474,3
Whats New Scooby-Doo?,237,1
Newswatch 16 at 5pm,587,5
Rio 2,611,3
NFL RUSH,1474,3
The Sting,800,1
Breaking Bald,241,2
Baggage Claim,665,5
The Amazing World of Gumball,632,3
Alfred Hitchcock Presents,428,5
Pop Hits,296,5
WHP CBS 21 News at 5,318,3
The Adventures of Rocky and Bullwinkle,635,3
Lauryn Is Lost: A Disappeared Special,328,2
Peter Rabbit,330,4
Community,715,3
The Life and Legend of Wyatt Earp,611,4
Texas Justice,786,3
CHiPs,539,4
CHiPs,592,5
Chicago PD,299,1
Eyewitness News First at 4,485,4
Cold Case Files,429,2
The Challenge: Battle of the Exes II,301,5
All Hands on Deck,674,1
New Scandinavian Cooking,895,4
The Family Stone,286,3
45th Annual GMA Dove Awards,290,3
Mr. Deeds Goes to Town,576,1
NCIS: Los Angeles,665,5
TV13 Sports Extra,342,5
Family Feud,281,2
Match Game,722,2
Perry Mason,382,5
Future Cat,356,5
Animal Atlas,428,1
Storage Wars,627,1
The Killer Speaks,461,1
Tulip Curl from Instyler!,210,2
The Shining,290,2
Beautiful Creatures,502,1
Fox 43 Morning News at 6:00am,281,5
Mr. Deeds Goes to Town,296,3
Beautiful Creatures,160,5
Dora and Friends: Into the City!,688,2
Live Cameras and Forecast Maps,440,5
Top 20 Most Shocking,794,1
Special Agent Oso,480,1
PM Style,295,1
30 Rock,737,5
Border Feud,567,4
Africas Thunder River,238,3
100 Orgasms a Day,534,4
Trauma: Life in the ER,592,3
Who Wants to Be a Millionaire,458,1
Flipping Boston,452,1
A Different Loyalty,61,2
The Mindy Project,621,3
The New Adventures of Old Christine,281,3
All in the Family,238,2
TV13 News - Night Report,285,4
UFC 182: Jones vs. Cormier,712,2
State of Affairs,363,4
Criminal Minds,330,4
La Gata,429,3
Marry Me,608,4
Beautiful Creatures,457,1
Newswatch 16 at 5:30pm,688,1
Tony Little Body by Bison,725,3
Worst Cooks in America,177,2
Two for Tuesday,160,3
Gaithers Homecoming,786,1
The Ruling Voice,1452,5
Mad About You,295,2
Swamp Thing,469,4
Friday Night Lights,632,4
Shark Rocket Holiday Shine!,1452,5
Kick-Ass 2,330,1
Curb Your Enthusiasm,281,4
Judging Amy,681,1
Early Start With John Berman,609,5
Community,627,1
Fast Joint Relief,603,3
In Living Color,627,1
Good Day Philadelphia,281,5
Heads of State,736,4
The New Adventures of Old Christine,772,2
Action News 6PM,355,1
Tony Little Body by Bison,502,2
Buckmasters Classics,388,4
MC Adult Alternative,567,5
Watch What Happens: Live,111,3
Action News 6PM,290,1
The Looney Tunes Show,452,3
NASCAR Race Hub,603,3
Hip Hops 50 Hottest in the Game,621,5
News Update North America,428,4
U.S. Bounty Hunters,458,2
Obsession: Dark Desires,694,2
Transform your home today fast & easy!,553,4
Dateline NBC,238,4
Panic Room,633,1
Adult Programming,237,2
Watch What Happens: Live,635,1
Johnny Carson,350,1
Broadway Danny Rose,469,5
Ninja Blender Duo for a Healthy Holiday!,736,2
CBS Morning News,736,3
Fire and Ice,683,2
Comedy Central Presents,771,2
State of Affairs,122,2
The Cleveland Show,712,3
Perry Mason,470,3
The Ruling Voice,687,4
American Wedding,210,5
Survivorman,737,5
Ninja Blender Duo for a Healthy Holiday!,111,1
Father Brown,363,3
Wahlburgers,122,5
The Wayans Bros.,633,3
My Skin Is Killing Me,330,5
MC R&B Soul,1767,3
The Andy Griffith Show,85,3
Local Weather,567,4
TVs Funniest Game Show Moments,800,3
Father Brown,334,5
Mad Money,318,3
Johnny Carson,608,3
Arrow,694,4
Match Game,177,5
BBC World News,228,3
Local Weather,388,2
Your Health with Dr. Richard,895,2
MC Love Songs,334,3
Late Night With Seth Meyers,517,3
Dog With a Blog,771,4
Man v. Food,621,3
Bob the Builder,637,4
Tignanello Handbags,238,3
Shake It Up!,794,5
Mad About You,237,4
Beautiful Creatures,1474,3
Dual Survival,1767,3
MC R&B Soul,771,2
Murder Book,513,5
The Ellen DeGeneres Show,328,3
Gallipoli: The First D-Day,177,1
Peter Rabbit,417,3
Austenland,553,5
Eyewitness News Daybreak at 6:30am,635,3
Perry Mason,480,2
Ultimate Spider-Man: Web Warriors,404,2
Your Health with Dr. Richard,609,5
The Bible,177,2
Feast,1625,2
The Cleveland Show,592,5
My Wife and Kids,404,5
Special Report With Bret Baier,683,5
I Am Angus,1474,4
American Wedding,350,1
Vanderpump Rules,895,5
Boomer & Carton,665,5
Man v. Food,382,1
Restaurant: Impossible,608,4
Sleepy Hollow,772,4
Little House on the Prairie,452,4
MC Rock Hits,502,2
Burn Notice,772,5
UFC Main Event,513,3
NASCAR Race Hub,736,4
MC Y2K,587,4
World War II in Color,349,3
The Rachel Maddow Show,98,2
High Heat,98,2
MC Love Songs,786,2
News 8 at Noon,725,4
Impractical Jokers,28,4
NCIS,160,1
Father Brown,786,2
Chasing Classic Cars,771,4
The Island of Dr. Moreau,281,1
Inside Special Ops,637,2
Fury at Gunsight Pass,479,5
Intervention,534,4
The Interpreter,637,2
Antitrust,98,3
The Goldbergs,237,3
Watch TV For FREE!,683,1
Marry Me,356,1
Burn Notice,608,3
Alfred Hitchcock Hour,687,2
Africas Thunder River,517,5
Ghost Whisperer,470,4
Scholastic Scrimmage,293,4
Red Eye,517,5
MC Y2K,895,3
Dateline NBC,772,2
Erin Burnett OutFront,674,1
Broadway Danny Rose,1688,4
News 8 at Noon,458,1
The Lead With Jake Tapper,210,5
The View,356,1
Intelligence for Your Life,301,4
Today in New York,342,2
Man v. Food,715,4
Poltergeist III,637,3
Every Witch Way,85,5
News 8 at Noon,286,2
Bridezillas,676,3
Flashpoint,767,3
MC Y2K,388,2
The Rundown With José Díaz-Balart,786,4
Lauryn Is Lost: A Disappeared Special,712,1
The King of Queens,1452,3
Mob Wives,577,2
Community,61,5
Future Cat,1452,5
I Am Angus,111,3
Water for Elephants,567,5
Special Report With Bret Baier,330,3
CBS 2 News at 6PM,691,2
The Real,772,3
Vanderpump Rules,485,5
Hip Hop Hits,363,5
Boy Meets World,771,2
Red Eye,627,3
Closing Bell,1474,5
ESPNU Film Room,633,5
The Man With the 200lb Tumor,688,1
Fury at Gunsight Pass,553,1
Your World With Neil Cavuto,688,2
Local Weather,356,4
TV13 Sports Extra,627,2
Live Soul,281,3
Coming Home,603,2
Kitchen Nightmares,609,1
Sixers Pregame,363,1
Mantracker,772,1
The Shining,349,5
Water for Elephants,609,3
Baggage: Most Outrageous Moments,513,3
The Rundown With José Díaz-Balart,611,1
Days of our Lives,683,4
Mission to Mars,310,2
Breaking Bald,299,4
Cocaine Cowboys,547,1
Legislative Report With Mario Scavello,334,4
News 8 at Noon,417,4
Zoey 101,461,1
Little Man Tate,342,1
Giada at Home,417,4
Father Brown,28,4
Dog With a Blog,513,5
Family Feud,388,3
The Bible,301,2
MonsterQuest,293,3
Who Wants to Be a Millionaire,621,4
The OReilly Factor,786,3
The Walking Dead,61,2
Key Capitol Hill Hearings,577,4
Vanderpump Rules,228,2
He Said She Said,688,5
Cold Justice,458,3
Pennsylvania Lottery Drawing,290,5
WHP CBS 21 News at 5,342,3
Blades Gone Wild $198.00 ``$9.95 S&H,388,3
Pop Hits,581,4
Cafeina,429,2
The View,98,3
Rules of Engagement,452,2
Modern Family,537,4
Peppa Pig,683,3
Shepard Smith Reporting,577,1
Last Holiday,295,3
45th Annual GMA Dove Awards,281,4
Life After Lockup,771,2
Animal Atlas,452,3
Mona Lisa Smile,608,4
Pawnography,1218,5
Watch TV For FREE!,608,3
Marry Me,577,4
Newswatch 16 at 5:30pm,736,3
Love It or List It,767,1
The Palomino,712,1
Tulip Curl from Instyler!,285,2
Giada at Home,330,4
Pokémon 4Ever,98,4
Smokey and the Bandit II,485,3
The Bible,581,5
Love It or List It,633,4
The Gunfather,295,4
Unforgiven,577,2
Two and a Half Men,502,1
Who Wants to Be a Millionaire,691,4
My Life Without Me,160,3
The Interpreter,611,2
Flashpoint,480,5
Pennsylvania Lottery Drawing,310,3
Johnny Carson,567,2
Obsession: Dark Desires,608,2
The Little Couple,691,4
Jimmy Kimmel Live,800,4
Cafeina,800,4
Portofino Italian Jewelry,428,4
The Magdalene Sisters,295,1
Rival Sons: Live From Gothenburg Sweden,722,2
UFC Main Event,581,2
Sofia the First,210,1
Prophets of Science Fiction,480,4
Cocaine Cowboys,238,2
Chris Cox Horsemanship,577,4
Crash,1688,2
The Family Stone,111,5
King Kong,61,3
Prophets of Science Fiction,513,4
Forever,355,4
College Football Live,794,5
Coming Home,772,3
Good Morning America,452,4
Beauty of Oil Painting With Gary,688,3
Serial Killer Earth,747,3
Hot in Cleveland,608,2
NCIS: Los Angeles,330,4
American Restoration,404,2
Forever,772,1
CHiPs,747,1
Amazing Facts Presents,715,4
State Department Briefing,621,1
Legislative Report With Mario Scavello,547,1
Special Report With Bret Baier,210,5
MC Adult Alternative,627,4
Zanes Sex Chronicles,502,3
Feast,61,1
Boy Meets World,537,2
Law & Order: Special Victims Unit,417,2
Step Brothers,681,5
Adult Programming,683,5
Lauryn Is Lost: A Disappeared Special,517,4
Pennsylvania Lottery Drawing,470,4
The Mindy Project,301,4
Kids Club,712,3
Center Court,637,4
Bonanza,98,4
Rural Evening News,609,2
Shark Rocket Holiday Shine!,286,4
Battlefield Detectives,404,1
Local Weather,633,2
Sell This House: Extreme,286,3
Bob the Builder,293,4
Live Soul,290,3
30 Rock,457,4
Tony Little Body by Bison,553,2
Picker Sisters,794,1
Peter Rabbit,111,3
The Punisher,725,5
Movie,621,2
CHiPs,895,1
Donna Decorates Dallas,674,2
American Wedding,547,2
Panic Room,285,3
Inside West Coast Customs,350,4
Cajun Justice,111,2
Giada at Home,355,5
Pawnography,632,5
Who Wants to Be a Millionaire,517,5
Dog With a Blog,318,5
I Didnt Do It,763,2
Portable cooktop,537,2
General Hospital,587,2
Today in New York,800,5
Peter Rabbit,363,2
Mantracker,502,5
Pro Football Talk,567,5
Your World With Neil Cavuto,712,1
Lauren Lakes Paternity Court,330,3
The Prime of Miss Jean Brodie,771,1
Erin Burnett OutFront,712,4
Extra,794,5
Declassified,356,3
Last Holiday,592,2
The Walking Dead,722,5
Murder Book,237,2
The Shining,470,3
Suzanne Somers Beauty Health & Fitness,635,3
Flashpoint,388,5
Devils Due,534,1
Tony Little Body by Bison,632,4
Globe Trekker,1767,5
Action News at 6:00 AM,592,3
TV13 News - Night Report,663,5
The Universe: Ancient Mysteries Solved,237,1
TMZ,210,2
Bonanza,502,5
Lockup Tampa,301,4
PSEs Wild Outdoors,286,4
Mad Money,293,2
Chicago PD,694,4
Red Eye,683,3
Hart to Hart,228,4
Fright Night,440,1
Amazing Facts Presents,633,5
The Island of Dr. Moreau,715,2
Love It or List It,1218,4
SportsNet Central,485,1
Special Agent Oso,295,1
Kick-Ass 2,722,1
Zanes Sex Chronicles,237,1
WHP CBS 21 News at 5,581,1
The Bill Cunningham Show,737,1
Trauma: Life in the ER,681,3
Declassified,299,3
House Hunters International,295,2
The Ellen DeGeneres Show,160,2
The Punisher,553,4
Comedy Central Presents,1625,3
Sleep Sex,767,3
Chasing Classic Cars,281,5
Mr. Deeds Goes to Town,694,3
NASCAR Race Hub,688,5
Red Eye,722,5
Mad Money,688,5
Sunday in New York,537,4
Crossfire Hurricane,363,5
Every Witch Way,470,5
Ocean Mysteries With Jeff Corwin,457,4
Unusual Suspects,285,1
Skin to the Max,577,2
Frontline,794,1
Sleep Sex,350,4
Digimon Fusion,688,4
Johnny Carson,694,3
U.S. Bounty Hunters,1688,4
Six Star Knife Set,316,3
Countdown to the Closing Bell-Liz Claman,772,3
Pennsylvania Lottery Drawing,328,4
Marry Me,480,4
South Park,160,1
Unforgiven,603,2
Battlefield Detectives,350,4
Red Eye,452,1
Ninja Blender Duo for a Healthy Holiday!,469,1
Newswatch 16 This Morning,517,1
NASCAR Race Hub,310,4
Zoey 101,480,4
Lauryn Is Lost: A Disappeared Special,349,2
Tignanello Handbags,457,1
Two and a Half Men,676,3
Arrow,674,2
Mad Money,111,4
Supernatural,334,4
Good Day Philadelphia,547,1
Untold Stories of the E.R.,293,3
Peter Rabbit,237,2
Intervention,296,1
Hip Hop Hits,1474,2
Zanes Sex Chronicles,1474,3
Baggage Claim,737,1
The Prime of Miss Jean Brodie,737,5
Boomer & Carton,663,4
NBA League Pass,739,4
All Hands on Deck,228,4
The Bible,712,1
Rural Evening News,767,5
NASCAR Race Hub,293,1
Two for Tuesday,688,5
Donna Decorates Dallas,457,1
Max & Shred,342,5
Sleepy Hollow,722,4
CBS News Sunday Morning,310,5
Match Game,228,3
iCarly,356,5
UFC 182: Jones vs. Cormier,1767,4
Burn Notice,712,1
Dan Rather Presents,534,2
The Pioneer Woman,763,1
Sleep Sex,301,3
Boy Meets World,632,2
College Football Live,691,5
The Mindy Project,281,3
State Department Briefing,688,2
FOX 29 News at Five,296,5
Worlds Dumbest ...,388,3
Live Soul,429,4
The Cleveland Show,772,3
The Universe: Ancient Mysteries Solved,286,1
New Scandinavian Cooking,767,2
Inside the Trinity Family of Networks,457,3
Marvel Super Heroes: Maximum Overload,688,5
Loud Mouths,281,1
High Heat,285,2
Son-in-Law,417,1
The Situation Room,1452,2
Untold Stories of the E.R.,517,1
Sweetwater,328,4
Ocean Mysteries With Jeff Corwin,517,1
Boy Meets World,609,3
The Pursuit of Happyness,356,3
Water for Elephants,674,2
Portable cooktop,122,2
The Jewish Jesus,676,4
Cocaine Cowboys,763,2
Countdown to the Closing Bell-Liz Claman,681,3
Coming Home,674,4
The Universe: Ancient Mysteries Solved,111,4
Daytime Jeopardy,517,3
iCarly,286,4
45th Annual GMA Dove Awards,417,5
Who Wants to Be a Millionaire,763,4
The Killer Speaks,61,5
The Man With the 200lb Tumor,800,5
Further Adventures-Wilderness,592,4
Dateline NBC,330,5
Mr. Deeds Goes to Town,633,5
TV13 Sports Extra,800,3
Guys Grocery Games,547,1
Days of our Lives,687,1
Cook Like a Pro,350,4
Cajun Justice,767,1
Shepard Smith Reporting,736,1
Extra,736,5
Storage Wars,295,3
News 8 at 5:30pm,688,4
The Wayans Bros.,1688,2
Pawn Stars,1218,1
Lauryn Is Lost: A Disappeared Special,786,4
American Beaver,608,4
Good Times,736,3
The Palomino,417,2
Pop Hits,665,1
The Painted Veil,725,4
A Different Loyalty,736,2
Shepard Smith Reporting,301,4
Lauren Lakes Paternity Court,428,4
The Interpreter,513,3
Extra,547,3
Judy Moody and the NOT Bummer Summer,635,1
Alfred Hitchcock Presents,621,3
Grimm,293,3
CBS News Sunday Morning,763,3
The Walking Dead,715,4
Chicago PD,800,3
Days of our Lives,611,3
Boy Meets World,635,3
Sixers Pregame,739,5
Little Women: LA,111,4
Frontline,603,4
Cold Case Files,350,2
Antitrust,330,3
College Football Live,452,1
Cold Justice,429,1
Cajun Justice,356,5
Inside West Coast Customs,688,5
Hockey,457,3
Criminal Minds,228,3
Escape Plan,691,2
How Do They Do It?,537,4
Bob the Builder,210,4
MC 90s,674,2
News Update North America,553,3
In Living Color,794,1
Flashpoint,637,1
Portable cooktop,587,1
The Island of Dr. Moreau,122,3
Baggage Claim,479,5
NBA League Pass,301,4
Live! With Kelly and Michael,632,5
Peg Plus Cat,502,2
The View,608,2
Live Cameras and Forecast Maps,355,1
House,241,1
The Girls Guide to Depravity,608,1
FOX and Friends,238,5
Cold Justice,722,1
Ninja Blender Duo for a Healthy Holiday!,502,3
TV13 News - Night Report,301,5
Storage Wars,800,3
Globe Trekker,28,1
Rio 2,1767,2
Inside the Trinity Family of Networks,763,2
Crossfire Hurricane,328,3
Mob Wives,388,1
Twin Tiers Morning Update,794,1
North Woods Law,228,5
Peoples Choice Awards 2015,665,3
Obsession: Dark Desires,739,3
State Department Briefing,363,5
Lauryn Is Lost: A Disappeared Special,98,2
Austenland,457,2
Peoples Choice Awards 2015,334,4
TV13 Sports Extra,318,4
Free NutriBullet offer!,281,2
My Wife and Kids,342,1
Peoples Choice Awards 2015,739,4
Perry Mason,310,1
The Palomino,547,1
Dr. Drew on Call,635,1
WHP CBS 21 News at 5,665,5
South Park,295,5
Alfred Hitchcock Hour,457,3
General Hospital,458,5
MC Easy Listening,1218,3
Johnny Carson,290,2
Suzanne Somers Beauty Health & Fitness,296,1
State of Affairs,1625,5
Your World With Neil Cavuto,611,2
The Insider,238,5
Rides,417,3
The Bill Cunningham Show,356,3
The Magdalene Sisters,318,1
Son-in-Law,534,2
Donna Decorates Dallas,1474,2
Restaurant: Impossible,694,2
Dora and Friends: Into the City!,502,3
The Situation Room,683,5
Ocean Mysteries With Jeff Corwin,794,2
Criminal Minds,567,4
Local Weather,581,2
FOX and Friends,763,5
He Said She Said,715,1
21 Jump Street,296,3
Gunsmoke,534,5
Mona Lisa Smile,627,1
Kitchen Nightmares,577,3
Days of our Lives,61,5
Inside West Coast Customs,676,5
The Adventures of Rocky and Bullwinkle,567,5
MC Rock Hits,61,3
House Hunters International,328,5
Mad Money,1688,5
truTV Top Funniest,1452,5
Extra,1688,1
News 8 at 5:30pm,452,5
A Different Loyalty,665,2
Father Brown,485,2
Watch TV For FREE!,238,1
Bonanza,458,1
Globe Trekker,687,5
Morning Express With Robin Meade,635,2
A River Runs Through It,637,5
Closing Bell,567,5
Live Cameras and Forecast Maps,676,4
Shark Rocket Holiday Shine!,534,4
Duck Dynasty,293,5
The Little Couple,452,3
PSEs Wild Outdoors,1767,5
The Jewish Jesus,428,1
The Man With the 200lb Tumor,355,5
Breakdown,61,1
Factory Made,633,4
Judge Hatchett,111,5
Mad Money,763,2
Crossfire Hurricane,736,3
Action News 5PM,895,3
The Mindy Project,210,3
Today in New York,470,1
Meet the Parents,429,4
Stella and Sam,608,1
The Pursuit of Happyness,429,1
Mad Money,160,2
FOX 29 News at Five,310,2
Shock Treatment,513,1
Sunday in New York,517,2
He Said She Said,577,2
Jungle Junction,440,3
Inside West Coast Customs,637,4
Inside West Coast Customs,28,3
The Green Hornet,715,3
Killer Kids,61,3
Key Capitol Hill Hearings,633,2
Whats New Scooby-Doo?,621,2
Shock Treatment,160,5
The Challenge: Battle of the Exes II,621,2
TMZ,687,1
The Shining,611,5
U.S. Bounty Hunters,301,4
Survivorman & Son,363,2
Wheel of Fortune,479,2
Happening Now,457,2
Peoples Choice Awards 2015,349,4
High Heat,238,4
Criminal Minds,747,3
Mob Wives,687,2
Marry Me,281,5
Peoples Choice Awards 2015,537,4
Top 20 Most Shocking,301,4
Special Report With Bret Baier,334,1
CBS News Sunday Morning,794,2
Forty Guns,739,2
Frontline,428,3
NASCAR Race Hub,621,1
Sixers Pregame,349,3
State of Affairs,608,2
30-Minute Meals,609,2
Family Feud,296,5
Mr. Deeds Goes to Town,800,1
Action News 5PM,318,1
Buckmasters Classics,428,3
Rio 2,767,3
PM Style,687,1
Untold Stories of the E.R.,452,4
Mona Lisa Smile,547,3
The Palomino,577,5
La Gata,592,3
Your Health with Dr. Richard,683,5
Flashpoint,479,5
In Living Color,328,5
A Different Loyalty,635,5
PSEs Wild Outdoors,576,2
Tony Little Body by Bison,694,4
Grimm,480,1
Ed Wood,350,2
Serial Killer Earth,665,2
Blades Gone Wild $198.00 ``$9.95 S&H,237,2
Curb Your Enthusiasm,285,2
The Looney Tunes Show,1218,1
News 8 at 11:00,382,1
Perry Mason,633,5
Extra,694,2
At Home with Dan,210,4
Private Benjamin,794,1
Community,334,3
Jungle Junction,632,1
The Originals,567,2
He Said She Said,687,4
Live! With Kelly and Michael,457,4
The OReilly Factor,539,4
Days of our Lives,285,3
The Punisher,485,5
The Lead With Jake Tapper,567,4
Pro Football Talk,513,1
Rural Evening News,608,1
Panic Room,480,1
Forever,627,3
New Scandinavian Cooking,1688,5
The Jewish Jesus,286,4
MC Easy Listening,621,3
Dora and Friends: Into the City!,1474,3
Mad Money,683,2
Judge Hatchett,513,1
Susan Graver Style,160,3
Who Wants to Be a Millionaire,310,1
69 News Sunrise - 6:00am,363,3
Outnumbered,621,1
Gaithers Homecoming,663,2
American Restoration,611,3
Meet the Parents,177,4
Little Man Tate,461,2
PSEs Wild Outdoors,316,2
UFC Main Event,539,5
The Kelly File,237,1
Gallipoli: The First D-Day,502,2
Impractical Jokers,295,1
Father Brown,517,1
Curb Your Enthusiasm,621,1
Step Brothers,61,3
69 News at Noon,681,1
Lone Star Mystery: A Disappeared Special,683,4
Countdown to the Closing Bell-Liz Claman,301,3
Eyewitness News,800,3
Sweetwater,534,4
Made in Milwaukee,342,3
Killer Kids,440,2
Judging Amy,210,2
69 News Weekend Edition,688,1
30 Rock,330,4
The Challenge: Battle of the Exes II,577,5
Border Feud,736,4
Feast,587,5
U.S. Bounty Hunters,429,4
The Pioneers,480,5
Cajun Justice,286,5
Cocaine Cowboys,330,2
White Sale,517,3
Kick-Ass 2,177,5
Lauryn Is Lost: A Disappeared Special,739,4
Ghost Whisperer,293,1
Broadway Danny Rose,1625,5
The Rundown With José Díaz-Balart,342,3
King Kong,632,2
Shock Treatment,539,4
Comedy Central Presents,763,2
Dr. Drew on Call,688,1
Survivorman,285,2
Impractical Jokers,567,1
Intelligence for Your Life,627,4
TV13 Sports Extra,316,1
Baggage Claim,1474,1
The Girls Guide to Depravity,694,1
International Fellowship,290,1
Hart to Hart,547,1
Match Game,479,1
Mob Wives,1218,2
Keeping Up With the Kardashians,739,5
Special Report With Bret Baier,712,5
The Amazing World of Gumball,241,4
Glenn Beck Program,663,1
Adult Programming,632,2
The Man With the 200lb Tumor,763,4
Obsession: Dark Desires,296,2
UFC Fighters Cut,469,3
UFC Main Event,800,5
21 DAY FIX,800,4
PM Style,663,3
The Life and Legend of Wyatt Earp,417,3
The View,238,1
The Brothers Grimm,665,5
Inside the Trinity Family of Networks,293,5
The Magdalene Sisters,160,2
Suzanne Somers Beauty Health & Fitness,452,1
Africas Thunder River,681,2
Good Times,1688,4
The Punisher,633,2
MC Adult Alternative,330,5
Camp Lakebottom,786,3
Hot Shots!,388,3
Food Paradise,440,5
Blue Steel,342,3
Pawnography,1688,4
Sweetwater,237,3
Cold Justice,417,2
Trick To a Wrinkle-Free Face!,502,5
The Magdalene Sisters,736,3
Tignanello Handbags,210,5
Johnny Carson,633,2
The Million Dollar Hotel,98,4
Frontline,177,3
Special Agent Oso,621,1
My Wife and Kids,480,2
Community,632,2
NASCAR Race Hub,177,1
Duck Dynasty,469,4
Inside Special Ops,404,5
Perry Mason,688,5
iCarly,296,5
News 8 at 5:30pm,767,3
Dr. Drew on Call,676,5
Philosophy: Beauty,382,3
Building Off the Grid: Alaska,715,4
Scholastic Scrimmage,238,5
Mob Wives,567,1
CBS News Sunday Morning,547,2
International Fellowship,310,3
Newswatch 16 at 6pm,608,3
Cold Justice,635,1
ESPNU Film Room,428,5
Days of our Lives,457,1
Storage Wars,210,5
CBS Morning News,28,3
Unforgiven,310,5
NASCAR Race Hub,28,4
NCIS,295,5
At Home with Dan,1625,2
Poltergeist III,611,2
Marvel Super Heroes: Maximum Overload,328,3
Killer Kids,1767,4
Made in Milwaukee,608,4
Cafeina,539,3
Cold Case Files,539,4
Live Cameras and Forecast Maps,577,5
Judy Moody and the NOT Bummer Summer,28,3
Storage Wars,286,4
The Bible,772,3
Whats New Scooby-Doo?,581,2
Father Brown,537,5
Cabinet of Caligari,691,2
Fire and Ice,457,4
Friday Night Lights,428,1
Portofino Italian Jewelry,539,2
Johnny Carson,621,4
The Cleveland Show,587,5
Family Feud,470,5
Commando,688,4
The Pioneers,85,4
WHP CBS 21 News at 5,355,2
Private Benjamin,674,4
Blue Steel,736,3
Portable cooktop,210,5
Extra,98,4
Fairy Tale: A True Story,603,4
FOX and Friends,316,4
College Basketball,388,1
The Challenge: Battle of the Exes II,355,1
Wheel of Fortune,1688,5
Twin Tiers Morning Update,665,2
CBS Morning News,502,4
The Nile,310,3
Cafeina,301,3
The Gunfather,469,3
The Pioneers,122,4
Rio 2,458,5
News 8 at Noon,1218,2
Ocean Mysteries With Jeff Corwin,363,3
Zoey 101,417,2
The Ruling Voice,767,4
Chris Cox Horsemanship,539,1
The Interpreter,458,5
The Killer Speaks,469,5
Donna Decorates Dallas,111,3
Portable cooktop,318,1
The Island of Dr. Moreau,722,2
Pawn Stars,334,3
Good Day Philadelphia,382,3
Hockey,633,4
Beautiful Creatures,609,2
Say Yes to the Dress,318,4
The Girls Guide to Depravity,299,3
Building Alaska,470,5
Father Brown,1767,1
Survivorman,349,5
The Palomino,349,4
Building Off the Grid: Alaska,767,1
My Skin Is Killing Me,683,4
White Sale,767,5
Family Feud,328,2
Around the NFL,786,5
Your World With Neil Cavuto,1688,3
Storm Stories,611,3
Cabinet of Caligari,457,4
Sweetwater,61,4
Chicago PD,342,3
Broadway Danny Rose,334,2
Marvel Super Heroes: Maximum Overload,1767,5
All Hands on Deck,479,4
Feast,712,1
Celebrity Name Game,576,4
Dish Nation,301,3
Ninja Blender Duo for a Healthy Holiday!,285,5
The Walking Dead,470,3
The Magdalene Sisters,290,3
Judging Amy,299,2
Dora and Friends: Into the City!,537,2
Newswatch 16 at 6pm,318,2
Fast Joint Relief,429,5
House Hunters International,674,5
American Restoration,286,4
NCIS,98,4
Action News 6PM,674,1
Marry Me,440,3
The Andy Griffith Show,122,3
Little Man Tate,241,4
Good Morning America,715,2
High Heat,404,3
Whats New Scooby-Doo?,513,5
NFL RUSH,177,2
UFC 182: Jones vs. Cormier,577,2
Fire and Ice,771,2
Survivorman & Son,715,3
Storage Wars,293,3
Jimmy Kimmel Live,587,4
The Life and Legend of Wyatt Earp,458,4
WHP CBS 21 News at 5,285,5
Ladies of the House,470,1
Who Wants to Be a Millionaire,355,2
Your Health with Dr. Richard,349,5
MC Y2K,458,2
UFC Fighters Cut,633,5
Dual Survival,28,5
Lauryn Is Lost: A Disappeared Special,663,2
The Closer,665,1
La Gata,722,1
The Mentalist,1218,1
New Scandinavian Cooking,85,5
Mad About You,228,3
Morning Express With Robin Meade,111,5
Hot in Cleveland,330,4
At Home with Dan,895,2
Blades Gone Wild $198.00 ``$9.95 S&H,674,4
Fast Joint Relief,479,1
Child Genius,633,1
The Patty Duke Show,241,5
Marry Me,1767,1
Shark Powered Lift Away for the Holiday!,603,3
The Situation Room,160,2
Mantracker,553,5
Say Yes to the Dress,470,3
Erin Burnett OutFront,725,2
My Wife and Kids,663,2
Vanderpump Rules,1625,5
Your World With Neil Cavuto,747,2
Gaithers Homecoming,592,2
World War II in Color,363,4
House Hunters International,1474,4
Today in New York,363,4
NBA League Pass,587,1
The Island of Dr. Moreau,238,2
Extra,767,4
Journey to the Earths Core,241,2
Demolition Man,404,3
Hulk,281,5
Ninja Blender Duo for a Healthy Holiday!,547,3
MC Love Songs,621,5
The Gunfather,603,2
Intelligence for Your Life,350,1
MonsterQuest,609,4
Fairy Tale: A True Story,293,4
Rival Sons: Live From Gothenburg Sweden,328,2
Killer Kids,285,3
Dual Survival,429,4
Ice Cold Killers,404,3
Rules of Engagement,635,5
Newswatch 16 at 6pm,627,5
Stella and Sam,318,4
Your World With Neil Cavuto,61,3
Fighting Cancer: Real Stories of Healing,440,2
The Sting,763,2
Killer Kids,609,1
30 Rock,592,2
The Nile,609,5
The Ruling Voice,382,1
Skin to the Max,98,2
Flashpoint,429,5
Match Game,715,3
Antitrust,1625,4
Pro Football Talk,480,2
Zoey 101,539,1
The Shining,295,2
Pawnography,691,5
Mob Wives,676,2
The Ruling Voice,637,5
Zanes Sex Chronicles,479,3
Broadway Danny Rose,581,3
Blue Steel,238,1
Johnny Carson,534,2
George Hirsch Lifestyle,800,5
Countdown to the Closing Bell-Liz Claman,238,5
Two and a Half Men,627,1
Hip Hops 50 Hottest in the Game,1452,4
Shark Powered Lift Away for the Holiday!,111,4
My Wife and Kids,609,5
Obsession: Dark Desires,241,3
Eyewitness News Daybreak at 5am,296,5
MC Adult Alternative,299,4
ESPNU Film Room,712,2
State Department Briefing,517,3
Worlds Wildest Police Videos,328,5
Sexier Holiday Hair,349,1
Lalaloopsy,576,1
PM Style,1452,2
State of Affairs,480,1
Peter Rabbit,722,5
The Family Stone,539,5
Panic Room,637,1
Tony Little Body by Bison,603,2
He Said She Said,452,3
Border Feud,388,2
Dateline NBC,739,2
Smokey and the Bandit II,611,5
The Curse of Oak Island,725,5
The Curse of Oak Island,342,1
Twin Tiers Morning Update,637,5
Live! With Kelly and Michael,537,4
Legislative Report With Mario Scavello,238,2
Shake It Up!,663,4
Legislative Report With Mario Scavello,676,3
Motives & Murders: Cracking the Case,747,4
Inside Special Ops,334,2
My Life Without Me,28,4
Globe Trekker,722,5
WWE Slam City,237,3
Inside City,736,3
Future Cat,553,3
Gaithers Homecoming,665,3
Declassified,763,1
The Cleveland Show,296,3
The Walking Dead,687,2
30-Minute Meals,537,5
North Woods Law,461,1
The Prime of Miss Jean Brodie,1688,5
The Gunfather,122,1
Eyewitness News,794,3
Jams Live,1625,3
The Rachel Maddow Show,363,1
iCarly,587,1
Janes Journey,603,3
Dora and Friends: Into the City!,428,1
Cheyenne,428,3
CBS News Sunday Morning,681,4
Son-in-Law,299,4
NBC 10 News at 11p,737,1
WWE Slam City,736,2
MonsterQuest,632,4
Philosophy: Beauty,587,2
Texas Justice,772,3
Heads of State,681,4
Shark Powered Lift Away for the Holiday!,349,2
Scholastic Scrimmage,592,2
Fast Joint Relief,417,5
Killer Kids,771,2
The Island of Dr. Moreau,674,1
Inside the Trinity Family of Networks,342,5
Secretary,895,5
The Gunfather,747,4
NBA League Pass,635,1
30 Rock,539,1
Criminal Minds,285,1
24 Ladders in One- New Little Giant,1767,3
Cheyenne,480,5
Eyewitness News Daybreak at 5am,301,3
Air Force News,440,1
Two for Tuesday,633,3
The Adventures of Rocky and Bullwinkle,637,4
ESPNU Film Room,111,4
Legislative Report With Mario Scavello,1218,2
Whats New Scooby-Doo?,767,1
The Andy Griffith Show,318,3
Austenland,1218,2
MC R&B Soul,694,3
The Killer Speaks,567,2
Blades Gone Wild $198.00 ``$9.95 S&H,688,2
Water for Elephants,517,5
Peoples Choice Awards 2015,534,1
Eyewitness News Daybreak at 5am,608,5
Animal Atlas,61,4
Newswatch 16 This Morning,228,1
Jersey Shore,457,3
The Magdalene Sisters,633,2
FOX and Friends,772,3
Keeping Up With the Kardashians,737,2
UFC Fighters Cut,1625,5
Criminal Minds,691,3
Wag the Dog,715,1
I Am Angus,334,2
24 Ladders in One- New Little Giant,663,2
WHP CBS 21 News at 5,429,4
American Beaver,539,3
Kick Buttowski: Suburban Daredevil,457,3
Sweetwater,608,1
The Pioneer Woman,621,1
In Living Color,637,4
Survivorman & Son,547,4
Rio 2,739,1
Crossfire Hurricane,771,1
Heads of State,577,3
Hot in Cleveland,177,4
Eyewitness News First at 4,747,2
Cold Justice,479,5
Eyewitness News,621,4
Little Man Tate,547,4
The Mentalist,763,5
Border Feud,457,2
TMZ,608,2
Eyewitness News First at 4,800,2
Kids Club,356,3
Commando,576,3
College Football Live,739,1
Tignanello Handbags,687,1
Panic Room,611,5
In Living Color,1688,3
Say Yes to the Dress,349,3
Your World With Neil Cavuto,334,4
The Looney Tunes Show,637,4
Wake Up With Al,382,4
Lone Star Mystery: A Disappeared Special,363,3
Storage Wars,691,4
He Said She Said,160,5
The Life and Legend of Wyatt Earp,517,1
Poltergeist III,635,5
The Celebrity Apprentice,794,2
The Girls Guide to Depravity,452,4
Ninja Blender Duo for a Healthy Holiday!,739,5
Cocaine Cowboys,342,4
Vanderpump Rules,794,5
Bonanza,228,4
Vanderpump Rules,502,1
FOX and Friends,688,2
Swamp Thing,440,5
MC Y2K,1688,1
Watch TV For FREE!,111,2
Wag the Dog,85,4
The Pursuit of Happyness,382,5
Comedy Central Presents,627,5
NBA League Pass,539,1
Transform your home today fast & easy!,293,5
Hip Hop Hits,665,5
Flipping Boston,310,5
Motives & Murders: Cracking the Case,417,5
Eyewitness News First at 4,461,5
The Adventures of Rocky and Bullwinkle,736,4
MC Rock Hits,122,1
Pocono Mountains Today,712,2
Giada at Home,691,5
The Ruling Voice,663,5
Fury at Gunsight Pass,228,3
UFC Fighters Cut,502,1
MC Easy Listening,763,3
Skin to the Max,895,4
Obsession: Dark Desires,356,4
Cold Case,428,5
The Bible,794,1
NBA League Pass,388,2
Pokémon 4Ever,1218,2
Judge Hatchett,517,4
Cold Justice,1688,2
The Prime of Miss Jean Brodie,286,1
Lauren Lakes Paternity Court,356,3
The Green Hornet,1452,5
Morning Express With Robin Meade,458,3
Every Witch Way,342,1
Philosophy: Beauty,485,1
NASCAR Race Hub,469,5
Crash,627,5
Wag the Dog,676,4
Tulip Curl from Instyler!,457,1
American Restoration,665,4
Crash,479,3
Comedy Central Presents,440,1
Obsession: Dark Desires,238,2
House,177,5
NFL AM,1767,5
The Pioneers,663,2
Barefoot Contessa,98,1
The Sting,61,3
Live Cameras and Forecast Maps,310,3
Eyewitness News Daybreak at 6:30am,382,3
30 Rock,382,1
The Killer Speaks,356,4
Keeping Up With the Kardashians,210,2
The Painted Veil,772,3
Peoples Choice Awards 2015,694,5
Commando,296,1
Bob the Builder,712,2
Transform your home today fast & easy!,737,4
Jungle Junction,318,2
The Family Stone,637,4
Baggage Claim,485,5
Eyewitness News Daybreak at 5am,576,3
Team Umizoomi,296,2
High Heat,241,3
Inside Special Ops,1218,1
News 8 at Noon,237,2
Cold Case,681,4
24 Ladders in One- New Little Giant,674,5
Jams Live,363,1
FOX 29 News at Five,458,3
Battlefield Detectives,663,5
Sweetwater,632,2
Rural Evening News,895,5
Pop Hits,355,1
Son-in-Law,98,5
The Devil You Know,722,5
Mr. Deeds Goes to Town,688,4
FOX and Friends,122,4
The Situation Room,663,3
Unusual Suspects,210,5
The Cleveland Show,683,2
Natural World,513,2
Special Agent Oso,581,5
NCIS: Los Angeles,428,4
Camp Lakebottom,676,5
Twin Tiers Morning Update,479,5
Love It or List It,608,2
Peppa Pig,553,2
Parks and Recreation,1767,4
Ninja Blender Duo for a Healthy Holiday!,513,1
Special Agent Oso,683,3
My Life Without Me,786,4
Who Wants to Be a Millionaire,688,3
Feast,722,1
Gaithers Homecoming,228,3
Outnumbered,299,4
Days of our Lives,160,2
Worlds Dumbest ...,800,5
FOX and Friends,1474,2
Broadway Danny Rose,513,5
Forever,534,2
ESPNU Film Room,722,5
Baggage: Most Outrageous Moments,739,2
Fright Night,111,1
Every Witch Way,296,5
Man v. Food,663,2
Breakdown,577,3
The Life and Legend of Wyatt Earp,177,1
The Bible,1474,1
The Sting,285,3
Dual Survival,334,1
Shark Rocket Holiday Shine!,318,2
Eyewitness News,429,1
Weather Center Live,771,1
Mona Lisa Smile,328,5
Blades Gone Wild $198.00 ``$9.95 S&H,85,5
Watch What Happens: Live,1688,5
Skin to the Max,547,1
Eyewitness News Daybreak at 5am,293,1
The Brothers Grimm,479,3
Lone Star Mystery: A Disappeared Special,633,1
Shepard Smith Reporting,767,3
The Lead With Jake Tapper,674,2
Antitrust,334,5
Declassified,534,4
Breaking Bald,237,4
Forever,567,4
Serial Killer Earth,363,3
The Shining,637,1
Alfred Hitchcock Hour,722,1
Portable cooktop,747,2
The Lead With Jake Tapper,683,4
Shark Powered Lift Away for the Holiday!,800,3
Sweetwater,122,2
Ninja Blender Duo for a Healthy Holiday!,737,4
Hip Hop Hits,241,4
The Devil You Know,663,2
Hockey,688,3
TV13 Sports Extra,715,5
The Rachel Maddow Show,895,5
MC Y2K,674,2
Cajun Justice,763,2
A Different Loyalty,739,2
Utah Blaine,577,4
Hockey,676,1
Coming Home,301,3
Parks and Recreation,592,5
Combat School,342,3
A Different Loyalty,712,2
Portable cooktop,461,3
Gotham,771,2
Inside West Coast Customs,334,1
Breakdown,299,5
Pocono Mountains Today,28,3
MC R&B Soul,681,2
American Wedding,382,2
NFL RUSH,458,4
Heads of State,458,1
Good Times,621,5
Up to the Minute,85,3
NBC 10 News at 11p,1688,4
Donna Decorates Dallas,712,3
Sunday in New York,1625,2
NASCAR America,1767,5
Keeping Up With the Kardashians,328,5
Inside Special Ops,502,2
Secretary,627,2
Man v. Food,295,2
Frontline,301,1
Rio 2,513,3
Fright Night,609,4
The Gunfather,479,3
The Celebrity Apprentice,469,5
Donna Decorates Dallas,553,5
TMZ,363,3
Picker Sisters,301,1
MC Rock Hits,547,1
CHiPs,299,3
Two and a Half Men,592,1
UFC Main Event,763,3
Restaurant: Impossible,576,3
Live Cameras and Forecast Maps,794,2
The Bible,404,4
Tulip Curl from Instyler!,295,4
UFC 182: Jones vs. Cormier,786,2
News 8 at 5:30pm,736,4
Storage Wars,328,1
Sell This House: Extreme,328,2
Gator Boys,694,2
69 News at Noon,61,4
Kick-Ass 2,737,4
Breakdown,632,3
Dora and Friends: Into the City!,440,5
Blades Gone Wild $198.00 ``$9.95 S&H,592,2
The Magdalene Sisters,316,5
American Wedding,452,4
WENY HD News,737,4
WHP CBS 21 News at 5,635,5
Around the NFL,537,4
Gallipoli: The First D-Day,747,5
Crash,111,1
Hot in Cleveland,417,5
Community,771,3
The Pioneer Woman,285,1
Vanderpump Rules,737,5
Gotham,694,2
Trauma: Life in the ER,737,2
News 8 at 11:00,611,2
A Mothers Revenge,98,3
Sunday in New York,608,3
Fresh Faces,786,2
Mob Wives,349,3
Globe Trekker,715,5
Eyewitness News,592,3
Alfred Hitchcock Presents,737,1
At Home with Dan,687,5
News Update North America,122,4
Monsters Inside Me,712,3
NASCAR America,290,5
Rules of Engagement,404,1
Little Man Tate,553,5
The Kelly File,1474,2
Wake Up With Al,635,1
Panic Room,895,5
Sell This House: Extreme,772,2
Coming Home,458,1
Judge Hatchett,688,3
House Hunters International,567,5
American Restoration,663,5
Dora and Friends: Into the City!,122,2
News Update North America,485,1
Countdown to the Closing Bell-Liz Claman,608,1
My Wife and Kids,800,2
The Green Hornet,1625,3
Son-in-Law,537,2
Flipping Boston,330,2
69 News at Noon,356,5
Driving Miss Daisy,715,4
Feast,747,1
Law & Order: Special Victims Unit,1452,1
NFL AM,637,4
Fast Joint Relief,1452,3
International Fellowship,1767,2
Fairy Tale: A True Story,485,4
Dog With a Blog,382,4
Bonanza,480,2
Hot in Cleveland,547,1
The Cleveland Show,895,5
Peppa Pig,691,3
The Brothers Grimm,293,3
The Prime of Miss Jean Brodie,794,4
Hulk,328,3
Cook Like a Pro,592,1
Smokey and the Bandit II,480,1
Lauren Lakes Paternity Court,537,3
Cabinet of Caligari,1452,3
Inside Special Ops,1452,4
The Island of Dr. Moreau,285,2
21 Jump Street,316,3
Fright Night,688,1
Match Game,577,2
I (Almost) Got Away With It,592,1
Survivorman & Son,581,3
American Pickers,576,1
Cabinet of Caligari,534,3
Action News at 6:00 AM,382,3
Giada at Home,1474,3
Commando,404,3
Blue Steel,539,4
Commando,687,4
Comedy Central Presents,160,5
Fox 43 Morning News at 6:00am,1474,4
Legislative Report With Mario Scavello,228,1
Hot Shots!,637,1
Flashpoint,417,4
The Shining,479,4
He Said She Said,747,4
Picker Sisters,299,3
Cold Case Files,537,3
He Said She Said,293,3
NASCAR America,1625,2
Mona Lisa Smile,635,2
Picker Sisters,85,2
Matlock,1767,5
Untold Stories of the E.R.,296,5
Air Force News,621,5
Beauty of Oil Painting With Gary,611,4
24 Ladders in One- New Little Giant,603,1
A Mothers Revenge,310,5
Worst Cooks in America,767,2
The Looney Tunes Show,771,2
Rules of Engagement,296,2
Fright Night,581,1
News Update North America,479,5
Bonanza,290,3
Peter Rabbit,328,1
Baggage Claim,592,1
Closing Bell,469,5
Dual Survival,237,3
Today in New York,694,2
WWE Slam City,428,1
Wahlburgers,458,4
Texas Justice,674,5
Health Images,111,1
Duck Dynasty,603,1
UFC Fighters Cut,210,2
Buckmasters Classics,577,3
Next Day Air,330,1
Dr. Drew on Call,687,3
Dirty Dancing,553,1
MC Y2K,665,3
Frontline,237,2
Last Holiday,676,1
Meet the Parents,350,1
Modern Family,633,5
The Kelly File,428,1
Gaithers Homecoming,452,1
Pop Hits,587,5
Pennsylvania Lottery Drawing,553,1
Globe Trekker,691,5
News 8 at 5:30pm,747,4
21 Jump Street,310,3
Johnny Carson,712,4
Little Women: LA,429,1
Ocean Mysteries With Jeff Corwin,611,5
Hip Hop Hits,480,1
Good Day Philadelphia,417,5
Forever,417,4
State of Affairs,687,3
CBS Morning News,290,1
Unusual Suspects,299,3
The OReilly Factor,238,2
King Kong,712,3
Wake Up With Al,611,5
Cook Like a Pro,539,2
Natural World,772,1
Commando,627,2
Around the NFL,587,2
Red Eye,1767,3
The Life and Legend of Wyatt Earp,688,1
Special Report With Bret Baier,608,1
Austenland,725,2
MC Adult Alternative,895,2
Inside Special Ops,301,1
Step Brothers,237,5
Dora and Friends: Into the City!,715,1
Ninja Blender Duo for a Healthy Holiday!,480,4
Killer Kids,286,4
Digimon Fusion,581,1
Beautiful Creatures,736,3
Sell This House: Extreme,1452,4
CBS News Sunday Morning,567,4
Dan Rather Presents,587,3
Cafeina,237,2
Survivorman & Son,428,1
The Man With the 200lb Tumor,330,1
Breakdown,85,5
Top 20 Most Shocking,537,4
Survivorman,691,3
Mad About You,404,4
TMZ,786,4
Made in Milwaukee,177,1
The Mindy Project,609,3
The Goldbergs,633,3
How Do They Do It?,786,5
Unforgiven,356,3
Marry Me,722,3
Newswatch 16 This Morning,28,3
Digimon Fusion,517,5
Secretary,736,3
Grimm,772,1
At Home with Dan,296,3
MC Y2K,61,1
Keith Craft,621,5
Dan Rather Presents,111,5
Dan Rather Presents,350,2
TVs Funniest Game Show Moments,428,1
Pokémon 4Ever,676,5
Marry Me,632,4
In Living Color,296,1
Cold Case Files,210,5
Border Feud,355,5
Pennsylvania Lottery Drawing,458,4
Eyewitness News First at 4,688,2
Shake It Up!,388,5
Peppa Pig,609,3
WWE Slam City,299,2
Rural Evening News,800,2
Dora and Friends: Into the City!,603,2
Gallipoli: The First D-Day,349,4
30-Minute Meals,355,1
House,285,4
Eyewitness News Daybreak at 5am,772,3
The Girls Guide to Depravity,712,2
Mantracker,61,5
The Challenge: Battle of the Exes II,737,5
Watch What Happens: Live,295,2
Shepard Smith Reporting,342,2
I Am Angus,517,2
Whats New Scooby-Doo?,603,3
MC Love Songs,429,5
The Amazing World of Gumball,281,5
Portofino Italian Jewelry,611,4
Happening Now,228,3
Happening Now,98,5
Secrets of the Arsenal,299,4
Pawn Stars,457,5
Cocaine Cowboys,553,2
Happening Now,479,2
Pawn Stars,627,2
Blades Gone Wild $198.00 ``$9.95 S&H,310,4
The Million Dollar Hotel,633,5
American Wedding,281,5
Boy Meets World,295,1
Comedy Central Presents,632,2
Worst Cooks in America,318,5
Crash,577,4
Whats New Scooby-Doo?,739,1
Commando,537,3
House Hunters International,632,2
The Shining,237,1
Hart to Hart,747,1
Good Times,417,3
Mantracker,633,1
Swamp Thing,470,4
Local Weather,334,5
Sleepy Hollow,111,5
The Green Hornet,295,3
Say Yes to the Dress,85,4
Zoey 101,1767,3
Judge Hatchett,736,5
Lalaloopsy,85,1
Your World With Neil Cavuto,417,2
Kids Club,461,1
TMZ,85,4
Last Holiday,576,4
Barefoot Contessa,470,3
American Beaver,356,4
The Mentalist,342,5
Weather Center Live,210,5
Killer Kids,772,4
Amazing Facts Presents,440,3
Scholastic Scrimmage,285,5
The Andy Griffith Show,627,3
The Andy Griffith Show,772,3
30 Rock,577,3
North Woods Law,241,4
Step Brothers,547,3
International Fellowship,98,3
Son-in-Law,479,3
Eyewitness News First at 4,350,5
Son-in-Law,736,1
CHiPs,1767,4
The Real,281,5
Arrow,241,1
Legislative Report With Mario Scavello,1688,5
Cajun Justice,674,1
The Interpreter,767,5
30-Minute Meals,691,3
Action News at 6:00 AM,388,3
Utah Blaine,637,4
Scooby-Doo Where Are You!,285,2
UFC Main Event,241,3
Dateline NBC,355,3
Kids Club,603,5
Alfred Hitchcock Presents,177,2
Rural Evening News,553,5
A Mothers Revenge,676,2
Man v. Food,285,2
NCIS,363,5
Mad About You,895,5
UFC 182: Jones vs. Cormier,310,5
Dan Rather Presents,293,4
Chicago PD,592,1
Around the NFL,479,4
My Sisters Keeper,281,4
Newswatch 16 at 5:30pm,772,4
Feast,452,1
Smokey and the Bandit II,111,3
Zanes Sex Chronicles,404,1
Meet the Parents,334,3
Buckmasters Classics,61,2
Boogie Nights,635,2
Baggage Claim,513,4
In Living Color,567,2
More Than Money,479,5
Mantracker,1767,4
Who Wants to Be a Millionaire,1218,5
House,637,1
Gunsmoke,295,1
Hot Shots!,687,1
The Brothers Grimm,281,3
TVs Funniest Game Show Moments,316,4
Lalaloopsy,355,2
Countdown to the Closing Bell-Liz Claman,736,4
Tulip Curl from Instyler!,567,5
Texas Justice,388,3
Digimon Fusion,355,1
Skin to the Max,281,5
Pokémon 4Ever,417,5
Live! With Kelly and Michael,608,4
Mona Lisa Smile,1688,5
International Fellowship,621,2
Made in Milwaukee,694,4
All Hands on Deck,587,5
Hot in Cleveland,301,4
News 8 at Noon,350,1
Utah Blaine,567,2
College Basketball,350,4
Arrow,502,1
Keeping Up With the Kardashians,608,3
Cocaine Cowboys,767,5
CBS Morning News,355,1
State Department Briefing,687,2
Keeping Up With the Kardashians,295,3
The Rundown With José Díaz-Balart,739,1
News 8 at 5:30pm,611,2
The Situation Room,480,4
Tignanello Handbags,318,3
Giada at Home,767,1
NFL AM,318,5
Texas Justice,452,4
Dr. Phil,739,5
Sixers Pregame,301,3
Crash,676,3
The View,513,2
Future Cat,470,3
Private Benjamin,608,2
The Brothers Grimm,635,4
Dual Survival,457,5
Broadway Serenade,296,2
Shark Powered Lift Away for the Holiday!,388,4
The Goldbergs,452,5
Special Agent Oso,739,3
Dr. Drew on Call,334,4
Pro Football Talk,334,3
Hulk,429,3
Action News 6PM,210,3
Escape Plan,334,3
Pawn Stars,480,5
The Island of Dr. Moreau,800,3
Triggers: Weapons That Changed the World,567,3
The Amazing World of Gumball,290,4
The Goldbergs,534,5
A Mothers Revenge,800,3
Top 20 Most Shocking,457,5
WENY HD News,772,3
WWE Slam City,457,4
High Heat,683,5
House,537,1
24 Ladders in One- New Little Giant,553,2
Lauren Lakes Paternity Court,739,5
Newswatch 16 at 5:30pm,608,5
Little Women: LA,895,1
Intervention,637,1
The Punisher,674,3
Nightline,665,1
Action News 6PM,763,3
Forever,470,5
Eyewitness News Daybreak at 5am,28,2
New Scandinavian Cooking,1218,5
Law & Order: Special Victims Unit,382,1
Pawnography,1474,5
Kick Buttowski: Suburban Daredevil,363,2
Today in New York,210,2
The Prime of Miss Jean Brodie,388,2
Friday Night Lights,417,5
Austenland,318,5
Mantracker,712,5
Last Holiday,1218,2
Live Cameras and Forecast Maps,800,2
Today in New York,296,1
News 8 at 11:00,238,3
Journey to the Earths Core,28,1
Broadway Danny Rose,1452,5
Untold Stories of the E.R.,469,3
Shark Rocket Holiday Shine!,237,5
Mantracker,688,4
Johnny Carson,715,2
Private Benjamin,61,2
Law & Order: Special Victims Unit,238,4
News 8 at 5:30pm,627,3
The Amazing World of Gumball,210,2
Foreigner Peter Frampton Chicago,461,4
Flipping Boston,722,4
The Lead With Jake Tapper,480,1
TV13 News - Night Report,895,2
The Girls Guide to Depravity,627,4
Intervention,469,3
Eyewitness News Daybreak at 6:30am,330,3
Blades Gone Wild $198.00 ``$9.95 S&H,1767,4
Motives & Murders: Cracking the Case,470,5
South Park,355,5
Eyewitness News Daybreak at 6:30am,363,4
A Different Loyalty,85,2
Animal Atlas,469,5
Every Witch Way,241,4
Inside City,349,1
College Football Live,286,3
Secretary,1625,5
Top 20 Most Shocking,480,1
Austenland,609,4
Unusual Suspects,517,3
A Different Loyalty,694,3
Action News 6PM,553,3
Flashpoint,1688,2
Love It or List It,238,4
Who Wants to Be a Millionaire,611,3
Up to the Minute,633,2
Cajun Justice,382,3
The Real,318,1
The Universe: Ancient Mysteries Solved,299,4
The Man With the 200lb Tumor,1452,1
Ocean Mysteries With Jeff Corwin,28,4
MC Adult Alternative,479,2
Bridezillas,61,1
Eyewitness News First at 4,310,4
The Gunfather,461,1
Kick-Ass 2,1625,3
Justice With Judge Mablean,763,3
Vanderpump Rules,210,3
The Green Hornet,567,3
Fighting Cancer: Real Stories of Healing,895,1
Nightline,295,2
Dan Rather Presents,485,4
TMZ,517,5
George Hirsch Lifestyle,747,1
Wahlburgers,676,4
Donna Decorates Dallas,28,1
Made in Milwaukee,457,4
Texas Justice,603,4
The View,334,5
Newswatch 16 at 5:30pm,627,2
Cold Justice,285,2
Crossfire Hurricane,318,1
MC Y2K,637,3
Early Start With John Berman,587,5
Obsession: Dark Desires,534,1
Worlds Wildest Police Videos,61,3
Storm Stories,485,2
UFC Main Event,747,5
FOX 29 News at Five,440,3
Son-in-Law,440,1
Whats New Scooby-Doo?,470,2
Eyewitness News,470,1
Inside the Trinity Family of Networks,328,5
Man v. Food,517,1
Digimon Fusion,485,3
Dual Survival,160,2
Dog With a Blog,98,5
Broadway Danny Rose,281,5
Local Weather,635,4
Bridezillas,767,3
South Park,485,3
Picker Sisters,747,1
Hip Hop Hits,794,3
Keeping Up With the Kardashians,517,1
Today in New York,1452,2
Live! With Kelly and Michael,553,5
Two for Tuesday,350,1
American Beaver,1625,4
The Amazing World of Gumball,895,4
UFC Fighters Cut,627,1
Barefoot Contessa,739,2
Amazing Facts Presents,688,5
The Interpreter,772,1
Water for Elephants,712,5
Future Cat,725,1
Hulk,676,1
American Beaver,350,3
Two and a Half Men,160,2
TV13 Sports Extra,1218,2
High Heat,694,1
Boyster,603,2
WWE Slam City,479,3
Every Witch Way,786,4
Next Day Air,285,1
NASCAR Race Hub,635,5
Local Weather,502,3
The Curse of Oak Island,737,2
Janes Journey,177,2
Newswatch 16 at 5:30pm,440,1
TMZ,318,3
Survivorman,553,2
Shock Treatment,1218,3
Arrow,210,2
Burn Notice,440,5
Scholastic Scrimmage,177,5
The Jewish Jesus,534,5
Community,621,1
Utah Blaine,736,5
Dish Nation,577,4
News 8 at 11:00,637,1
Extra,763,5
My Wife and Kids,737,5
Kids Club,290,2
Around the NFL,517,2
MC Love Songs,663,1
FIFA Fútbol Mundial,61,3
Red Eye,111,5
The Looney Tunes Show,479,3
The Pursuit of Happyness,537,4
TMZ,603,4
Chicago PD,382,5
Heads of State,576,1
The Real,722,2
Heads of State,603,3
Watch TV For FREE!,1688,3
Dr. Drew on Call,479,3
TVs Funniest Game Show Moments,771,5
Ultimate Spider-Man: Web Warriors,318,5
All Hands on Deck,581,3
Rides,665,3
Dual Survival,299,5
State of Affairs,85,4
Austenland,310,2
The Mentalist,428,1
Two and a Half Men,241,5
Tony Little Body by Bison,330,2
Fury at Gunsight Pass,458,4
Lockup Tampa,547,5
Mad Money,440,2
Sweetwater,665,4
NFL AM,469,3
How Do They Do It?,794,5
The Life and Legend of Wyatt Earp,663,4
The Gunfather,621,5
Newswatch 16 at 5:30pm,318,3
The Closer,404,4
Skin to the Max,480,4
Pokémon 4Ever,237,4
George Hirsch Lifestyle,635,5
Lauren Lakes Paternity Court,603,5
Mantracker,417,3
Beautiful Creatures,513,3
Hot Shots!,502,3
Friday Night Lights,296,4
The Situation Room,1688,5
A Different Loyalty,1218,1
Blue Steel,715,4
Wahlburgers,281,2
I Am Angus,316,1
Africas Thunder River,712,1
The King of Queens,1218,5
Wheel of Fortune,502,4
The Cleveland Show,285,2
CBS 2 News at 6PM,316,2
NCIS: Los Angeles,1218,3
Battlefield Detectives,293,3
The Adventures of Rocky and Bullwinkle,238,5
U.S. Bounty Hunters,627,3
PSEs Wild Outdoors,301,3
MC Y2K,539,2
How Do They Do It?,635,2
The Looney Tunes Show,763,5
George Hirsch Lifestyle,627,4
Good Day Philadelphia,461,4
Six Star Knife Set,301,3
Cajun Justice,517,4
FOX 29 News at Five,469,5
Eyewitness News at 4:30am,627,5
Escape Plan,350,3
Smokey and the Bandit II,739,2
Comedy Central Presents,479,2
Pennsylvania Lottery Drawing,567,4
Inside Special Ops,691,4
Fire and Ice,1767,2
The Amazing World of Gumball,800,4
Antitrust,177,1
Ladies of the House,517,2
MonsterQuest,334,5
The Andy Griffith Show,295,3
NCIS: Los Angeles,537,4
Peoples Choice Awards 2015,342,3
House Hunters International,517,5
The Killer Speaks,676,1
Justice With Judge Mablean,608,4
I Am Angus,458,5
Killer Kids,694,5
Red Eye,310,4
FOX 29 News at Five,715,4
Keith Craft,334,3
NCIS,737,1
Bridezillas,688,3
Duck Dynasty,417,3
Fox 43 Morning News at 6:00am,576,4
The Rachel Maddow Show,736,2
Say Yes to the Dress,417,1
Outnumbered,318,2
My Skin Is Killing Me,688,3
The Girls Guide to Depravity,539,3
Utah Blaine,404,2
The Magdalene Sisters,469,2
NBC 10 News at 11p,587,1
Chicago PD,772,5
Philosophy: Beauty,349,4
Motives & Murders: Cracking the Case,1474,4
Gallipoli: The First D-Day,800,2
Inside Special Ops,553,2
A Different Loyalty,567,3
Paid Programming,674,5
Kitchen Nightmares,688,5
NFL Monday QB,61,2
iCarly,691,1
The Walking Dead,328,3
Barefoot Contessa,567,1
Motives & Murders: Cracking the Case,663,4
The Pursuit of Happyness,316,1
Cafeina,553,4
The Interpreter,429,2
Storage Wars,428,1
The Devil You Know,28,3
The Killer Speaks,85,4
Sell This House: Extreme,238,2
Lauren Lakes Paternity Court,1218,4
Secrets of the Arsenal,334,1
Cafeina,576,1
Building Off the Grid: Alaska,1218,5
Newswatch 16 at 5:30pm,328,5
Survivorman & Son,688,5
Peter Rabbit,388,5
Ghost Whisperer,388,5
Cold Justice,299,4
UFC Main Event,592,4
Man v. Food,739,3
Pokémon 4Ever,1452,3
Top 20 Most Shocking,502,4
Step Brothers,210,1
Camp Lakebottom,452,4
The Rundown With José Díaz-Balart,517,3
Cold Case Files,691,3
Child Genius,318,2
Watch TV For FREE!,417,2
The Monday Night Show,663,4
The Island of Dr. Moreau,663,5
PSEs Wild Outdoors,577,2
U.S. Bounty Hunters,440,5
Scholastic Scrimmage,747,1
WENY HD News,688,2
Scholastic Scrimmage,356,5
Meet the Parents,111,4
Unusual Suspects,627,1
Portable cooktop,334,5
The OReilly Factor,534,3
College Football Live,786,3
Future Cat,428,2
Portable cooktop,363,5
Six Star Knife Set,609,2
Closing Bell,800,4
Amazing Facts Presents,290,2
Inside West Coast Customs,517,1
Friday Night Lights,286,2
Dr. Drew on Call,382,5
Judge Hatchett,534,5
Tulip Curl from Instyler!,342,4
Africas Thunder River,633,3
Baggage: Most Outrageous Moments,428,4
Little Man Tate,712,1
Skin to the Max,1688,4
Watch TV For FREE!,621,3
Judy Moody and the NOT Bummer Summer,237,3
Bob the Builder,736,3
Wahlburgers,404,4
Flashpoint,737,3
CBS News Sunday Morning,98,3
How Do They Do It?,1625,3
Good Times,694,5
Mad About You,356,2
Extreme Births,210,5
The Green Hornet,722,5
Worlds Wildest Police Videos,587,1
World War II in Color,537,5
NCIS,674,2
The Walking Dead,537,4
NBA League Pass,547,2
The Lead With Jake Tapper,737,1
Sell This House: Extreme,461,2
69 News Weekend Edition,461,5
Peter Rabbit,663,1
MC Rock Hits,356,3
Shrek 2,355,3
Jimmy Kimmel Live,98,4
Unforgiven,237,3
Baggage: Most Outrageous Moments,160,5
Jersey Shore,356,1
The Little Couple,342,1
High Heat,330,3
Mission to Mars,286,4
Live Cameras and Forecast Maps,237,4
Judy Moody and the NOT Bummer Summer,461,3
Little Man Tate,281,1
Keith Craft,722,5
Blue Steel,299,1
Wag the Dog,241,4
Special Report With Bret Baier,633,3
Beautiful Creatures,587,3
Unforgiven,61,4
The Rundown With José Díaz-Balart,349,2
American Beaver,160,5
The Man With the 200lb Tumor,681,3
American Wedding,461,5
Max & Shred,1474,2
Special Report With Bret Baier,739,3
A River Runs Through It,1218,2
Lauren Lakes Paternity Court,688,4
High Heat,28,1
Two and a Half Men,587,2
Wag the Dog,61,3
Mona Lisa Smile,715,1
Judging Amy,771,3
Eyewitness News First at 4,581,4
Pro Football Talk,712,3
Flea Market Flip,293,5
At Home with Dan,228,1
The Challenge: Battle of the Exes II,237,2
Inside the Trinity Family of Networks,786,1
Parks and Recreation,688,2
Survivorman,694,4
Austenland,295,1
Jungle Junction,547,2
My Life Without Me,122,3
Don Asletts Cleaning Secrets,665,2
The Ruling Voice,328,3
Rival Sons: Live From Gothenburg Sweden,1767,5
Monsters Inside Me,747,1
Life After Lockup,1452,2
TMZ,676,3
Digimon Fusion,663,2
Flipping Boston,1474,5
South Park,469,4
NBA League Pass,681,4
Rural Evening News,98,1
News 8 at 11:00,470,2
News 8 at Noon,537,3
Baggage: Most Outrageous Moments,342,1
Mr. Deeds Goes to Town,281,1
Lone Star Mystery: A Disappeared Special,356,5
Cajun Justice,296,2
Red Eye,458,1
Rural Evening News,429,1
The Mentalist,228,5
WHP CBS 21 News at 5,767,5
TVs Funniest Game Show Moments,592,4
Vanderpump Rules,295,5
iCarly,318,4
The Mindy Project,295,3
The Real,736,2
I Am Angus,681,1
Impractical Jokers,98,1
Newswatch 16 This Morning,241,5
The Killer Speaks,800,2
All Hands on Deck,539,3
Coming Home,485,2
Closing Bell,608,5
Arrow,382,4
Your World With Neil Cavuto,737,3
Feast,553,1
Special Report With Bret Baier,691,4
The Walking Dead,429,1
Fox 43 Morning News at 6:00am,537,4
The New Adventures of Old Christine,621,1
Days of our Lives,350,5
Dr. Drew on Call,228,3
At Home with Dan,290,4
30 Rock,349,1
My Sisters Keeper,98,4
House,712,2
Animal Atlas,786,2
Legislative Report With Mario Scavello,160,3
TVs Funniest Game Show Moments,603,2
100 Orgasms a Day,715,2
Gaithers Homecoming,440,2
Mantracker,480,5
Father Brown,330,3
Extra,328,4
The Mindy Project,725,2
Sleep Sex,676,1
Extra,417,1
Zoey 101,694,3
Commando,429,5
Philosophy: Beauty,295,1
Newswatch 16 at 5:30pm,316,1
Alfred Hitchcock Presents,603,4
Hockey,502,4
Happening Now,480,2
Cold Case Files,611,1
All Hands on Deck,485,2
Animal Atlas,587,2
Amazing Facts Presents,299,3
Swamp Thing,388,5
Eyewitness News First at 4,553,4
NBA League Pass,611,1
Secretary,611,3
Sixers Pregame,355,3
Lauren Lakes Paternity Court,61,2
Blades Gone Wild $198.00 ``$9.95 S&H,581,2
The Magdalene Sisters,621,3
Pro Football Talk,228,3
Pop Hits,800,4
The Little Couple,480,5
The Family Stone,388,1
The Looney Tunes Show,342,4
Cold Justice,237,1
PSEs Wild Outdoors,382,5
Chowder,800,1
Match Game,581,3
Peppa Pig,237,1
Gaithers Homecoming,635,3
Fury at Gunsight Pass,663,4
Frontline,687,4
Live Soul,470,3
Key Capitol Hill Hearings,290,3
The Looney Tunes Show,316,5
30 Rock,747,3
Beautiful Creatures,470,5
Globe Trekker,299,3
Shepard Smith Reporting,285,2
Whats New Scooby-Doo?,608,5
Kick Buttowski: Suburban Daredevil,286,2
Days of our Lives,238,1
Hockey,281,5
Bonanza,310,5
Eyewitness News Daybreak at 6:30am,237,4
MC Adult Alternative,676,1
The King of Queens,715,2
The Bill Cunningham Show,895,1
Made in Milwaukee,1452,1
Tulip Curl from Instyler!,635,2
Countdown to the Closing Bell-Liz Claman,1474,5
A Mothers Revenge,547,1
The Girls Guide to Depravity,676,1
NFL AM,502,5
Mob Wives,581,1
The Mentalist,681,1
Breakdown,722,3
Flashpoint,577,3
The Challenge: Battle of the Exes II,632,2
Match Game,621,5
Weather Center Live,581,2
Sell This House: Extreme,388,4
Up to the Minute,694,4
Little Man Tate,1218,5
Picker Sisters,458,5
Pawnography,285,1
Beauty of Oil Painting With Gary,592,5
Sofia the First,722,5
UFC Fighters Cut,457,4
Journey to the Earths Core,587,1
The Mindy Project,318,5
Keeping Up With the Kardashians,388,3
Sixers Pregame,676,5
Secretary,688,1
69 News at Noon,299,3
Comedy Central Presents,237,1
Gaithers Homecoming,608,5
On the Road,513,1
Eyewitness News Daybreak at 6:30am,608,1
Countdown to the Closing Bell-Liz Claman,480,5
The Bill Cunningham Show,694,4
The Closer,637,4
69 News at Noon,349,3
Crash,238,3
UFC 182: Jones vs. Cormier,637,3
Morning Express With Robin Meade,1474,3
Criminal Minds,725,5
Family Feud,637,5
69 News at 4:00,28,4
Sleep Sex,98,4
Breakdown,786,2
The Palomino,480,5
Broadway Danny Rose,627,2
Late Night With Seth Meyers,293,3
Frontline,635,5
The Cleveland Show,502,2
Little Women: LA,452,4
Private Benjamin,676,3
Building Off the Grid: Alaska,349,5
Watch What Happens: Live,334,1
PSEs Wild Outdoors,457,4
Survivorman,627,3
Shark Rocket Holiday Shine!,763,1
Intervention,440,2
U.S. Bounty Hunters,681,2
Lone Star Mystery: A Disappeared Special,388,5
Mona Lisa Smile,299,4
Your Health with Dr. Richard,737,1
At Home with Dan,1474,2
State Department Briefing,608,4
The Jewish Jesus,609,4
Baggage Claim,330,4
Building Off the Grid: Alaska,665,1
The Kelly File,621,4
Sunday in New York,177,3
Gaithers Homecoming,334,1
The Mindy Project,334,5
The Man With the 200lb Tumor,349,5
Baggage Claim,440,3
Key Capitol Hill Hearings,608,1
The Little Couple,301,2
King Kong,800,2
Marvel Super Heroes: Maximum Overload,633,3
The Situation Room,1474,4
Breaking Bald,691,5
Tignanello Handbags,683,5
The View,722,5
Your World With Neil Cavuto,241,2
Action News 6PM,469,3
Panic Room,517,4
Erin Burnett OutFront,800,4
Live Cameras and Forecast Maps,722,4
Sell This House: Extreme,61,4
Zoey 101,665,3
Ultimate Spider-Man: Web Warriors,290,4
30 Rock,290,5
Journey to the Earths Core,633,1
The Curse of Oak Island,739,2
The Mentalist,665,4
News 8 at Noon,285,3
Live Cameras and Forecast Maps,388,1
UFC Main Event,632,1
Gaithers Homecoming,767,2
The OReilly Factor,452,1
Suzanne Somers Beauty Health & Fitness,301,5
Escape Plan,210,3
College Football Live,681,5
NCIS,293,2
FOX and Friends,111,3
American Beaver,328,4
Perry Mason,611,1
Action News at 6:00 AM,688,3
MC Easy Listening,553,1
Little Women: LA,316,4
Cheyenne,581,5
Meet the Parents,296,3
Declassified,681,3
Judging Amy,334,2
Smokey and the Bandit II,469,1
Outnumbered,485,4
Weather Center Live,553,5
Key Capitol Hill Hearings,429,4
Bonanza,691,1
American Wedding,627,4
Top 20 Most Shocking,725,1
The Bill Cunningham Show,330,5
iCarly,404,1
Watch What Happens: Live,534,4
Live Soul,603,5
The Cleveland Show,534,2
Marvel Super Heroes: Maximum Overload,736,3
The Shining,98,3
Special Agent Oso,736,5
WHP CBS 21 News at 5,800,5
Pro Football Talk,603,2
Local Weather,772,5
Step Brothers,98,5
Beauty of Oil Painting With Gary,767,3
The Palomino,334,3
Blue Steel,800,5
House Hunters International,737,5
Tony Little Body by Bison,513,1
Child Genius,355,2
Fast Joint Relief,286,3
Lalaloopsy,28,2
The Killer Speaks,517,1
CBS News Sunday Morning,285,3
Pop Hits,281,1
I Didnt Do It,771,2
Prophets of Science Fiction,691,2
Next Stop Wonderland,316,5
Free NutriBullet offer!,301,5
TV13 Sports Extra,567,3
Breakdown,328,4
Picker Sisters,342,3
Forever,440,1
The Goldbergs,611,1
Judge Hatchett,470,3
The Man With the 200lb Tumor,517,5
The Wayans Bros.,349,4
Bridezillas,715,1
Zanes Sex Chronicles,581,3
Unforgiven,576,3
The Prime of Miss Jean Brodie,576,2
The Bible,310,4
Cold Justice,665,3
Father Brown,461,2
Mob Wives,587,2
The Originals,687,3
Special Agent Oso,286,1
Sleepy Hollow,1452,1
NASCAR America,285,3
Duck Dynasty,177,2
The Kelly File,1688,2
Sleepy Hollow,440,1
Gotham,479,4
My Sisters Keeper,363,2
Loud Mouths,747,5
The Green Hornet,763,2
Keith Craft,160,5
Natural World,28,5
Survivorman,747,1
The Goldbergs,457,3
Hulk,712,4
Heartland Bowhunter,577,4
Bob the Builder,800,2
Inside the Trinity Family of Networks,592,4
Bonanza,237,3
Live Soul,295,2
Son-in-Law,388,4
The Man With the 200lb Tumor,747,2
Newswatch 16 at 6pm,577,4
Closing Bell,290,5
Water for Elephants,318,5
Key Capitol Hill Hearings,470,1
Buckmasters Classics,547,3
The Curse of Oak Island,458,5
Son-in-Law,609,3
Animal Atlas,688,4
Keith Craft,635,4
UFC 182: Jones vs. Cormier,627,5
Vanderpump Rules,722,3
Dora and Friends: Into the City!,458,2
CBS News Sunday Morning,356,5
Live! With Kelly and Michael,290,1
World War II in Color,469,4
The Gunfather,281,2
Late Night With Seth Meyers,1625,4
Kitchen Nightmares,537,1
Wheel of Fortune,290,1
General Hospital,328,2
Shark Powered Lift Away for the Holiday!,404,1
Crossfire Hurricane,772,2
Days of our Lives,469,1
Parks and Recreation,1474,2
Inside the Trinity Family of Networks,553,5
Every Witch Way,330,2
Natural World,440,2
Inside the Trinity Family of Networks,461,4
Scholastic Scrimmage,603,1
Two for Tuesday,363,3
NBA League Pass,452,3
High Heat,349,5
Sleep Sex,786,5
Happening Now,301,3
Criminal Minds,1474,2
Fire and Ice,635,1
The View,1218,4
The Amazing World of Gumball,581,3
World War II in Color,85,4
Rural Evening News,458,4
Survivorman & Son,440,4
The Jewish Jesus,537,3
Eyewitness News at 4:30am,794,4
MC Easy Listening,318,1
Frontline,577,4
Duck Dynasty,356,2
Inside West Coast Customs,609,1
Friday Night Lights,553,1
Ladies of the House,794,5
Tulip Curl from Instyler!,688,3
The Andy Griffith Show,534,5
Stella and Sam,576,3
The Mindy Project,676,1
Buckmasters Classics,725,3
Good Times,794,1
Friday Night Lights,637,3
Poltergeist III,722,4
Peppa Pig,122,4
Today in New York,440,3
The Ruling Voice,635,3
Six Star Knife Set,1474,5
World War II in Color,609,2
The Sting,469,3
MC Easy Listening,363,2
On the Road,747,5
Watch TV For FREE!,547,4
Man v. Food,429,2
Ocean Mysteries With Jeff Corwin,691,3
Dan Rather Presents,581,1
White Sale,747,2
Family Feud,609,5
